season,round,race_name,circuit_name,driver,constructor
2024,1,Bahrain Grand Prix,Sakhir,VER,Red Bull Racing
2024,1,Bahrain Grand Prix,Sakhir,PER,Red Bull Racing
2024,1,Bahrain Grand Prix,Sakhir,SAI,Ferrari
2024,1,Bahrain Grand Prix,Sakhir,LEC,Ferrari
2024,1,Bahrain Grand Prix,Sakhir,RUS,Mercedes
2024,1,Bahrain Grand Prix,Sakhir,NOR,McLaren
2024,1,Bahrain Grand Prix,Sakhir,HAM,Mercedes
2024,1,Bahrain Grand Prix,Sakhir,PIA,McLaren
2024,1,Bahrain Grand Prix,Sakhir,ALO,Aston Martin
2024,1,Bahrain Grand Prix,Sakhir,STR,Aston Martin
2024,1,Bahrain Grand Prix,Sakhir,ZHO,Kick Sauber
2024,1,Bahrain Grand Prix,Sakhir,MAG,Haas F1 Team
2024,1,Bahrain Grand Prix,Sakhir,RIC,RB
2024,1,Bahrain Grand Prix,Sakhir,TSU,RB
2024,1,Bahrain Grand Prix,Sakhir,ALB,Williams
2024,1,Bahrain Grand Prix,Sakhir,HUL,Haas F1 Team
2024,1,Bahrain Grand Prix,Sakhir,OCO,Alpine
2024,1,Bahrain Grand Prix,Sakhir,GAS,Alpine
2024,1,Bahrain Grand Prix,Sakhir,BOT,Kick Sauber
2024,1,Bahrain Grand Prix,Sakhir,SAR,Williams
2024,2,Saudi Arabian Grand Prix,Jeddah,VER,Red Bull Racing
2024,2,Saudi Arabian Grand Prix,Jeddah,PER,Red Bull Racing
2024,2,Saudi Arabian Grand Prix,Jeddah,LEC,Ferrari
2024,2,Saudi Arabian Grand Prix,Jeddah,PIA,McLaren
2024,2,Saudi Arabian Grand Prix,Jeddah,ALO,Aston Martin
2024,2,Saudi Arabian Grand Prix,Jeddah,RUS,Mercedes
2024,2,Saudi Arabian Grand Prix,Jeddah,BEA,Ferrari
2024,2,Saudi Arabian Grand Prix,Jeddah,NOR,McLaren
2024,2,Saudi Arabian Grand Prix,Jeddah,HAM,Mercedes
2024,2,Saudi Arabian Grand Prix,Jeddah,HUL,Haas F1 Team
2024,2,Saudi Arabian Grand Prix,Jeddah,ALB,Williams
2024,2,Saudi Arabian Grand Prix,Jeddah,MAG,Haas F1 Team
2024,2,Saudi Arabian Grand Prix,Jeddah,OCO,Alpine
2024,2,Saudi Arabian Grand Prix,Jeddah,SAR,Williams
2024,2,Saudi Arabian Grand Prix,Jeddah,TSU,RB
2024,2,Saudi Arabian Grand Prix,Jeddah,RIC,RB
2024,2,Saudi Arabian Grand Prix,Jeddah,BOT,Kick Sauber
2024,2,Saudi Arabian Grand Prix,Jeddah,ZHO,Kick Sauber
2024,2,Saudi Arabian Grand Prix,Jeddah,STR,Aston Martin
2024,2,Saudi Arabian Grand Prix,Jeddah,GAS,Alpine
2024,3,Australian Grand Prix,Melbourne,SAI,Ferrari
2024,3,Australian Grand Prix,Melbourne,LEC,Ferrari
2024,3,Australian Grand Prix,Melbourne,NOR,McLaren
2024,3,Australian Grand Prix,Melbourne,PIA,McLaren
2024,3,Australian Grand Prix,Melbourne,PER,Red Bull Racing
2024,3,Australian Grand Prix,Melbourne,STR,Aston Martin
2024,3,Australian Grand Prix,Melbourne,TSU,RB
2024,3,Australian Grand Prix,Melbourne,ALO,Aston Martin
2024,3,Australian Grand Prix,Melbourne,HUL,Haas F1 Team
2024,3,Australian Grand Prix,Melbourne,MAG,Haas F1 Team
2024,3,Australian Grand Prix,Melbourne,ALB,Williams
2024,3,Australian Grand Prix,Melbourne,RIC,RB
2024,3,Australian Grand Prix,Melbourne,GAS,Alpine
2024,3,Australian Grand Prix,Melbourne,BOT,Kick Sauber
2024,3,Australian Grand Prix,Melbourne,ZHO,Kick Sauber
2024,3,Australian Grand Prix,Melbourne,OCO,Alpine
2024,3,Australian Grand Prix,Melbourne,RUS,Mercedes
2024,3,Australian Grand Prix,Melbourne,HAM,Mercedes
2024,3,Australian Grand Prix,Melbourne,VER,Red Bull Racing
2024,4,Japanese Grand Prix,Suzuka,VER,Red Bull Racing
2024,4,Japanese Grand Prix,Suzuka,PER,Red Bull Racing
2024,4,Japanese Grand Prix,Suzuka,SAI,Ferrari
2024,4,Japanese Grand Prix,Suzuka,LEC,Ferrari
2024,4,Japanese Grand Prix,Suzuka,NOR,McLaren
2024,4,Japanese Grand Prix,Suzuka,ALO,Aston Martin
2024,4,Japanese Grand Prix,Suzuka,RUS,Mercedes
2024,4,Japanese Grand Prix,Suzuka,PIA,McLaren
2024,4,Japanese Grand Prix,Suzuka,HAM,Mercedes
2024,4,Japanese Grand Prix,Suzuka,TSU,RB
2024,4,Japanese Grand Prix,Suzuka,HUL,Haas F1 Team
2024,4,Japanese Grand Prix,Suzuka,STR,Aston Martin
2024,4,Japanese Grand Prix,Suzuka,MAG,Haas F1 Team
2024,4,Japanese Grand Prix,Suzuka,BOT,Kick Sauber
2024,4,Japanese Grand Prix,Suzuka,OCO,Alpine
2024,4,Japanese Grand Prix,Suzuka,GAS,Alpine
2024,4,Japanese Grand Prix,Suzuka,SAR,Williams
2024,4,Japanese Grand Prix,Suzuka,ZHO,Kick Sauber
2024,4,Japanese Grand Prix,Suzuka,RIC,RB
2024,4,Japanese Grand Prix,Suzuka,ALB,Williams
2024,5,Chinese Grand Prix,Shanghai,VER,Red Bull Racing
2024,5,Chinese Grand Prix,Shanghai,NOR,McLaren
2024,5,Chinese Grand Prix,Shanghai,PER,Red Bull Racing
2024,5,Chinese Grand Prix,Shanghai,LEC,Ferrari
2024,5,Chinese Grand Prix,Shanghai,SAI,Ferrari
2024,5,Chinese Grand Prix,Shanghai,RUS,Mercedes
2024,5,Chinese Grand Prix,Shanghai,ALO,Aston Martin
2024,5,Chinese Grand Prix,Shanghai,PIA,McLaren
2024,5,Chinese Grand Prix,Shanghai,HAM,Mercedes
2024,5,Chinese Grand Prix,Shanghai,HUL,Haas F1 Team
2024,5,Chinese Grand Prix,Shanghai,OCO,Alpine
2024,5,Chinese Grand Prix,Shanghai,ALB,Williams
2024,5,Chinese Grand Prix,Shanghai,GAS,Alpine
2024,5,Chinese Grand Prix,Shanghai,ZHO,Kick Sauber
2024,5,Chinese Grand Prix,Shanghai,STR,Aston Martin
2024,5,Chinese Grand Prix,Shanghai,MAG,Haas F1 Team
2024,5,Chinese Grand Prix,Shanghai,SAR,Williams
2024,5,Chinese Grand Prix,Shanghai,RIC,RB
2024,5,Chinese Grand Prix,Shanghai,TSU,RB
2024,5,Chinese Grand Prix,Shanghai,BOT,Kick Sauber
2024,6,Miami Grand Prix,Miami,NOR,McLaren
2024,6,Miami Grand Prix,Miami,VER,Red Bull Racing
2024,6,Miami Grand Prix,Miami,LEC,Ferrari
2024,6,Miami Grand Prix,Miami,PER,Red Bull Racing
2024,6,Miami Grand Prix,Miami,SAI,Ferrari
2024,6,Miami Grand Prix,Miami,HAM,Mercedes
2024,6,Miami Grand Prix,Miami,TSU,RB
2024,6,Miami Grand Prix,Miami,RUS,Mercedes
2024,6,Miami Grand Prix,Miami,ALO,Aston Martin
2024,6,Miami Grand Prix,Miami,OCO,Alpine
2024,6,Miami Grand Prix,Miami,HUL,Haas F1 Team
2024,6,Miami Grand Prix,Miami,GAS,Alpine
2024,6,Miami Grand Prix,Miami,PIA,McLaren
2024,6,Miami Grand Prix,Miami,ZHO,Kick Sauber
2024,6,Miami Grand Prix,Miami,RIC,RB
2024,6,Miami Grand Prix,Miami,BOT,Kick Sauber
2024,6,Miami Grand Prix,Miami,STR,Aston Martin
2024,6,Miami Grand Prix,Miami,ALB,Williams
2024,6,Miami Grand Prix,Miami,MAG,Haas F1 Team
2024,6,Miami Grand Prix,Miami,SAR,Williams
2024,7,Emilia Romagna Grand Prix,Imola,VER,Red Bull Racing
2024,7,Emilia Romagna Grand Prix,Imola,NOR,McLaren
2024,7,Emilia Romagna Grand Prix,Imola,LEC,Ferrari
2024,7,Emilia Romagna Grand Prix,Imola,PIA,McLaren
2024,7,Emilia Romagna Grand Prix,Imola,SAI,Ferrari
2024,7,Emilia Romagna Grand Prix,Imola,HAM,Mercedes
2024,7,Emilia Romagna Grand Prix,Imola,RUS,Mercedes
2024,7,Emilia Romagna Grand Prix,Imola,PER,Red Bull Racing
2024,7,Emilia Romagna Grand Prix,Imola,STR,Aston Martin
2024,7,Emilia Romagna Grand Prix,Imola,TSU,RB
2024,7,Emilia Romagna Grand Prix,Imola,HUL,Haas F1 Team
2024,7,Emilia Romagna Grand Prix,Imola,MAG,Haas F1 Team
2024,7,Emilia Romagna Grand Prix,Imola,RIC,RB
2024,7,Emilia Romagna Grand Prix,Imola,OCO,Alpine
2024,7,Emilia Romagna Grand Prix,Imola,ZHO,Kick Sauber
2024,7,Emilia Romagna Grand Prix,Imola,GAS,Alpine
2024,7,Emilia Romagna Grand Prix,Imola,SAR,Williams
2024,7,Emilia Romagna Grand Prix,Imola,BOT,Kick Sauber
2024,7,Emilia Romagna Grand Prix,Imola,ALO,Aston Martin
2024,7,Emilia Romagna Grand Prix,Imola,ALB,Williams
2024,8,Monaco Grand Prix,Monaco,LEC,Ferrari
2024,8,Monaco Grand Prix,Monaco,PIA,McLaren
2024,8,Monaco Grand Prix,Monaco,SAI,Ferrari
2024,8,Monaco Grand Prix,Monaco,NOR,McLaren
2024,8,Monaco Grand Prix,Monaco,RUS,Mercedes
2024,8,Monaco Grand Prix,Monaco,VER,Red Bull Racing
2024,8,Monaco Grand Prix,Monaco,HAM,Mercedes
2024,8,Monaco Grand Prix,Monaco,TSU,RB
2024,8,Monaco Grand Prix,Monaco,ALB,Williams
2024,8,Monaco Grand Prix,Monaco,GAS,Alpine
2024,8,Monaco Grand Prix,Monaco,ALO,Aston Martin
2024,8,Monaco Grand Prix,Monaco,RIC,RB
2024,8,Monaco Grand Prix,Monaco,BOT,Kick Sauber
2024,8,Monaco Grand Prix,Monaco,STR,Aston Martin
2024,8,Monaco Grand Prix,Monaco,SAR,Williams
2024,8,Monaco Grand Prix,Monaco,ZHO,Kick Sauber
2024,8,Monaco Grand Prix,Monaco,OCO,Alpine
2024,8,Monaco Grand Prix,Monaco,PER,Red Bull Racing
2024,8,Monaco Grand Prix,Monaco,HUL,Haas F1 Team
2024,8,Monaco Grand Prix,Monaco,MAG,Haas F1 Team
2024,9,Canadian Grand Prix,Montréal,VER,Red Bull Racing
2024,9,Canadian Grand Prix,Montréal,NOR,McLaren
2024,9,Canadian Grand Prix,Montréal,RUS,Mercedes
2024,9,Canadian Grand Prix,Montréal,HAM,Mercedes
2024,9,Canadian Grand Prix,Montréal,PIA,McLaren
2024,9,Canadian Grand Prix,Montréal,ALO,Aston Martin
2024,9,Canadian Grand Prix,Montréal,STR,Aston Martin
2024,9,Canadian Grand Prix,Montréal,RIC,RB
2024,9,Canadian Grand Prix,Montréal,GAS,Alpine
2024,9,Canadian Grand Prix,Montréal,OCO,Alpine
2024,9,Canadian Grand Prix,Montréal,HUL,Haas F1 Team
2024,9,Canadian Grand Prix,Montréal,MAG,Haas F1 Team
2024,9,Canadian Grand Prix,Montréal,BOT,Kick Sauber
2024,9,Canadian Grand Prix,Montréal,TSU,RB
2024,9,Canadian Grand Prix,Montréal,ZHO,Kick Sauber
2024,9,Canadian Grand Prix,Montréal,SAI,Ferrari
2024,9,Canadian Grand Prix,Montréal,ALB,Williams
2024,9,Canadian Grand Prix,Montréal,PER,Red Bull Racing
2024,9,Canadian Grand Prix,Montréal,LEC,Ferrari
2024,9,Canadian Grand Prix,Montréal,SAR,Williams
2024,10,Spanish Grand Prix,Barcelona,VER,Red Bull Racing
2024,10,Spanish Grand Prix,Barcelona,NOR,McLaren
2024,10,Spanish Grand Prix,Barcelona,HAM,Mercedes
2024,10,Spanish Grand Prix,Barcelona,RUS,Mercedes
2024,10,Spanish Grand Prix,Barcelona,LEC,Ferrari
2024,10,Spanish Grand Prix,Barcelona,SAI,Ferrari
2024,10,Spanish Grand Prix,Barcelona,PIA,McLaren
2024,10,Spanish Grand Prix,Barcelona,PER,Red Bull Racing
2024,10,Spanish Grand Prix,Barcelona,GAS,Alpine
2024,10,Spanish Grand Prix,Barcelona,OCO,Alpine
2024,10,Spanish Grand Prix,Barcelona,HUL,Haas F1 Team
2024,10,Spanish Grand Prix,Barcelona,ALO,Aston Martin
2024,10,Spanish Grand Prix,Barcelona,ZHO,Kick Sauber
2024,10,Spanish Grand Prix,Barcelona,STR,Aston Martin
2024,10,Spanish Grand Prix,Barcelona,RIC,RB
2024,10,Spanish Grand Prix,Barcelona,BOT,Kick Sauber
2024,10,Spanish Grand Prix,Barcelona,MAG,Haas F1 Team
2024,10,Spanish Grand Prix,Barcelona,ALB,Williams
2024,10,Spanish Grand Prix,Barcelona,TSU,RB
2024,10,Spanish Grand Prix,Barcelona,SAR,Williams
2024,11,Austrian Grand Prix,Spielberg,RUS,Mercedes
2024,11,Austrian Grand Prix,Spielberg,PIA,McLaren
2024,11,Austrian Grand Prix,Spielberg,SAI,Ferrari
2024,11,Austrian Grand Prix,Spielberg,HAM,Mercedes
2024,11,Austrian Grand Prix,Spielberg,VER,Red Bull Racing
2024,11,Austrian Grand Prix,Spielberg,HUL,Haas F1 Team
2024,11,Austrian Grand Prix,Spielberg,PER,Red Bull Racing
2024,11,Austrian Grand Prix,Spielberg,MAG,Haas F1 Team
2024,11,Austrian Grand Prix,Spielberg,RIC,RB
2024,11,Austrian Grand Prix,Spielberg,GAS,Alpine
2024,11,Austrian Grand Prix,Spielberg,LEC,Ferrari
2024,11,Austrian Grand Prix,Spielberg,OCO,Alpine
2024,11,Austrian Grand Prix,Spielberg,STR,Aston Martin
2024,11,Austrian Grand Prix,Spielberg,TSU,RB
2024,11,Austrian Grand Prix,Spielberg,ALB,Williams
2024,11,Austrian Grand Prix,Spielberg,BOT,Kick Sauber
2024,11,Austrian Grand Prix,Spielberg,ZHO,Kick Sauber
2024,11,Austrian Grand Prix,Spielberg,ALO,Aston Martin
2024,11,Austrian Grand Prix,Spielberg,SAR,Williams
2024,11,Austrian Grand Prix,Spielberg,NOR,McLaren
2024,12,British Grand Prix,Silverstone,HAM,Mercedes
2024,12,British Grand Prix,Silverstone,VER,Red Bull Racing
2024,12,British Grand Prix,Silverstone,NOR,McLaren
2024,12,British Grand Prix,Silverstone,PIA,McLaren
2024,12,British Grand Prix,Silverstone,SAI,Ferrari
2024,12,British Grand Prix,Silverstone,HUL,Haas F1 Team
2024,12,British Grand Prix,Silverstone,STR,Aston Martin
2024,12,British Grand Prix,Silverstone,ALO,Aston Martin
2024,12,British Grand Prix,Silverstone,ALB,Williams
2024,12,British Grand Prix,Silverstone,TSU,RB
2024,12,British Grand Prix,Silverstone,SAR,Williams
2024,12,British Grand Prix,Silverstone,MAG,Haas F1 Team
2024,12,British Grand Prix,Silverstone,RIC,RB
2024,12,British Grand Prix,Silverstone,LEC,Ferrari
2024,12,British Grand Prix,Silverstone,BOT,Kick Sauber
2024,12,British Grand Prix,Silverstone,OCO,Alpine
2024,12,British Grand Prix,Silverstone,PER,Red Bull Racing
2024,12,British Grand Prix,Silverstone,ZHO,Kick Sauber
2024,12,British Grand Prix,Silverstone,RUS,Mercedes
2024,12,British Grand Prix,Silverstone,GAS,Alpine
2024,13,Hungarian Grand Prix,Budapest,PIA,McLaren
2024,13,Hungarian Grand Prix,Budapest,NOR,McLaren
2024,13,Hungarian Grand Prix,Budapest,HAM,Mercedes
2024,13,Hungarian Grand Prix,Budapest,LEC,Ferrari
2024,13,Hungarian Grand Prix,Budapest,VER,Red Bull Racing
2024,13,Hungarian Grand Prix,Budapest,SAI,Ferrari
2024,13,Hungarian Grand Prix,Budapest,PER,Red Bull Racing
2024,13,Hungarian Grand Prix,Budapest,RUS,Mercedes
2024,13,Hungarian Grand Prix,Budapest,TSU,RB
2024,13,Hungarian Grand Prix,Budapest,STR,Aston Martin
2024,13,Hungarian Grand Prix,Budapest,ALO,Aston Martin
2024,13,Hungarian Grand Prix,Budapest,RIC,RB
2024,13,Hungarian Grand Prix,Budapest,HUL,Haas F1 Team
2024,13,Hungarian Grand Prix,Budapest,ALB,Williams
2024,13,Hungarian Grand Prix,Budapest,MAG,Haas F1 Team
2024,13,Hungarian Grand Prix,Budapest,BOT,Kick Sauber
2024,13,Hungarian Grand Prix,Budapest,SAR,Williams
2024,13,Hungarian Grand Prix,Budapest,OCO,Alpine
2024,13,Hungarian Grand Prix,Budapest,ZHO,Kick Sauber
2024,13,Hungarian Grand Prix,Budapest,GAS,Alpine
2024,14,Belgian Grand Prix,Spa-Francorchamps,HAM,Mercedes
2024,14,Belgian Grand Prix,Spa-Francorchamps,PIA,McLaren
2024,14,Belgian Grand Prix,Spa-Francorchamps,LEC,Ferrari
2024,14,Belgian Grand Prix,Spa-Francorchamps,VER,Red Bull Racing
2024,14,Belgian Grand Prix,Spa-Francorchamps,NOR,McLaren
2024,14,Belgian Grand Prix,Spa-Francorchamps,SAI,Ferrari
2024,14,Belgian Grand Prix,Spa-Francorchamps,PER,Red Bull Racing
2024,14,Belgian Grand Prix,Spa-Francorchamps,ALO,Aston Martin
2024,14,Belgian Grand Prix,Spa-Francorchamps,OCO,Alpine
2024,14,Belgian Grand Prix,Spa-Francorchamps,RIC,RB
2024,14,Belgian Grand Prix,Spa-Francorchamps,STR,Aston Martin
2024,14,Belgian Grand Prix,Spa-Francorchamps,ALB,Williams
2024,14,Belgian Grand Prix,Spa-Francorchamps,GAS,Alpine
2024,14,Belgian Grand Prix,Spa-Francorchamps,MAG,Haas F1 Team
2024,14,Belgian Grand Prix,Spa-Francorchamps,BOT,Kick Sauber
2024,14,Belgian Grand Prix,Spa-Francorchamps,TSU,RB
2024,14,Belgian Grand Prix,Spa-Francorchamps,SAR,Williams
2024,14,Belgian Grand Prix,Spa-Francorchamps,HUL,Haas F1 Team
2024,14,Belgian Grand Prix,Spa-Francorchamps,ZHO,Kick Sauber
2024,14,Belgian Grand Prix,Spa-Francorchamps,RUS,Mercedes
2024,15,Dutch Grand Prix,Zandvoort,NOR,McLaren
2024,15,Dutch Grand Prix,Zandvoort,VER,Red Bull Racing
2024,15,Dutch Grand Prix,Zandvoort,LEC,Ferrari
2024,15,Dutch Grand Prix,Zandvoort,PIA,McLaren
2024,15,Dutch Grand Prix,Zandvoort,SAI,Ferrari
2024,15,Dutch Grand Prix,Zandvoort,PER,Red Bull Racing
2024,15,Dutch Grand Prix,Zandvoort,RUS,Mercedes
2024,15,Dutch Grand Prix,Zandvoort,HAM,Mercedes
2024,15,Dutch Grand Prix,Zandvoort,GAS,Alpine
2024,15,Dutch Grand Prix,Zandvoort,ALO,Aston Martin
2024,15,Dutch Grand Prix,Zandvoort,HUL,Haas F1 Team
2024,15,Dutch Grand Prix,Zandvoort,RIC,RB
2024,15,Dutch Grand Prix,Zandvoort,STR,Aston Martin
2024,15,Dutch Grand Prix,Zandvoort,ALB,Williams
2024,15,Dutch Grand Prix,Zandvoort,OCO,Alpine
2024,15,Dutch Grand Prix,Zandvoort,SAR,Williams
2024,15,Dutch Grand Prix,Zandvoort,TSU,RB
2024,15,Dutch Grand Prix,Zandvoort,MAG,Haas F1 Team
2024,15,Dutch Grand Prix,Zandvoort,BOT,Kick Sauber
2024,15,Dutch Grand Prix,Zandvoort,ZHO,Kick Sauber
2024,16,Italian Grand Prix,Monza,LEC,Ferrari
2024,16,Italian Grand Prix,Monza,PIA,McLaren
2024,16,Italian Grand Prix,Monza,NOR,McLaren
2024,16,Italian Grand Prix,Monza,SAI,Ferrari
2024,16,Italian Grand Prix,Monza,HAM,Mercedes
2024,16,Italian Grand Prix,Monza,VER,Red Bull Racing
2024,16,Italian Grand Prix,Monza,RUS,Mercedes
2024,16,Italian Grand Prix,Monza,PER,Red Bull Racing
2024,16,Italian Grand Prix,Monza,ALB,Williams
2024,16,Italian Grand Prix,Monza,MAG,Haas F1 Team
2024,16,Italian Grand Prix,Monza,ALO,Aston Martin
2024,16,Italian Grand Prix,Monza,COL,Williams
2024,16,Italian Grand Prix,Monza,RIC,RB
2024,16,Italian Grand Prix,Monza,OCO,Alpine
2024,16,Italian Grand Prix,Monza,GAS,Alpine
2024,16,Italian Grand Prix,Monza,BOT,Kick Sauber
2024,16,Italian Grand Prix,Monza,HUL,Haas F1 Team
2024,16,Italian Grand Prix,Monza,ZHO,Kick Sauber
2024,16,Italian Grand Prix,Monza,STR,Aston Martin
2024,16,Italian Grand Prix,Monza,TSU,RB
2024,17,Azerbaijan Grand Prix,Baku,PIA,McLaren
2024,17,Azerbaijan Grand Prix,Baku,LEC,Ferrari
2024,17,Azerbaijan Grand Prix,Baku,RUS,Mercedes
2024,17,Azerbaijan Grand Prix,Baku,NOR,McLaren
2024,17,Azerbaijan Grand Prix,Baku,VER,Red Bull Racing
2024,17,Azerbaijan Grand Prix,Baku,ALO,Aston Martin
2024,17,Azerbaijan Grand Prix,Baku,ALB,Williams
2024,17,Azerbaijan Grand Prix,Baku,COL,Williams
2024,17,Azerbaijan Grand Prix,Baku,HAM,Mercedes
2024,17,Azerbaijan Grand Prix,Baku,BEA,Haas F1 Team
2024,17,Azerbaijan Grand Prix,Baku,HUL,Haas F1 Team
2024,17,Azerbaijan Grand Prix,Baku,GAS,Alpine
2024,17,Azerbaijan Grand Prix,Baku,RIC,RB
2024,17,Azerbaijan Grand Prix,Baku,ZHO,Kick Sauber
2024,17,Azerbaijan Grand Prix,Baku,OCO,Alpine
2024,17,Azerbaijan Grand Prix,Baku,BOT,Kick Sauber
2024,17,Azerbaijan Grand Prix,Baku,PER,Red Bull Racing
2024,17,Azerbaijan Grand Prix,Baku,SAI,Ferrari
2024,17,Azerbaijan Grand Prix,Baku,STR,Aston Martin
2024,17,Azerbaijan Grand Prix,Baku,TSU,RB
2024,18,Singapore Grand Prix,Marina Bay,NOR,McLaren
2024,18,Singapore Grand Prix,Marina Bay,VER,Red Bull Racing
2024,18,Singapore Grand Prix,Marina Bay,PIA,McLaren
2024,18,Singapore Grand Prix,Marina Bay,RUS,Mercedes
2024,18,Singapore Grand Prix,Marina Bay,LEC,Ferrari
2024,18,Singapore Grand Prix,Marina Bay,HAM,Mercedes
2024,18,Singapore Grand Prix,Marina Bay,SAI,Ferrari
2024,18,Singapore Grand Prix,Marina Bay,ALO,Aston Martin
2024,18,Singapore Grand Prix,Marina Bay,HUL,Haas F1 Team
2024,18,Singapore Grand Prix,Marina Bay,PER,Red Bull Racing
2024,18,Singapore Grand Prix,Marina Bay,COL,Williams
2024,18,Singapore Grand Prix,Marina Bay,TSU,RB
2024,18,Singapore Grand Prix,Marina Bay,OCO,Alpine
2024,18,Singapore Grand Prix,Marina Bay,STR,Aston Martin
2024,18,Singapore Grand Prix,Marina Bay,ZHO,Kick Sauber
2024,18,Singapore Grand Prix,Marina Bay,BOT,Kick Sauber
2024,18,Singapore Grand Prix,Marina Bay,GAS,Alpine
2024,18,Singapore Grand Prix,Marina Bay,RIC,RB
2024,18,Singapore Grand Prix,Marina Bay,MAG,Haas F1 Team
2024,18,Singapore Grand Prix,Marina Bay,ALB,Williams
2024,19,United States Grand Prix,Austin,LEC,Ferrari
2024,19,United States Grand Prix,Austin,SAI,Ferrari
2024,19,United States Grand Prix,Austin,VER,Red Bull Racing
2024,19,United States Grand Prix,Austin,NOR,McLaren
2024,19,United States Grand Prix,Austin,PIA,McLaren
2024,19,United States Grand Prix,Austin,RUS,Mercedes
2024,19,United States Grand Prix,Austin,PER,Red Bull Racing
2024,19,United States Grand Prix,Austin,HUL,Haas F1 Team
2024,19,United States Grand Prix,Austin,LAW,RB
2024,19,United States Grand Prix,Austin,COL,Williams
2024,19,United States Grand Prix,Austin,MAG,Haas F1 Team
2024,19,United States Grand Prix,Austin,GAS,Alpine
2024,19,United States Grand Prix,Austin,ALO,Aston Martin
2024,19,United States Grand Prix,Austin,TSU,RB
2024,19,United States Grand Prix,Austin,STR,Aston Martin
2024,19,United States Grand Prix,Austin,ALB,Williams
2024,19,United States Grand Prix,Austin,BOT,Kick Sauber
2024,19,United States Grand Prix,Austin,OCO,Alpine
2024,19,United States Grand Prix,Austin,ZHO,Kick Sauber
2024,19,United States Grand Prix,Austin,HAM,Mercedes
2024,20,Mexico City Grand Prix,Mexico City,SAI,Ferrari
2024,20,Mexico City Grand Prix,Mexico City,NOR,McLaren
2024,20,Mexico City Grand Prix,Mexico City,LEC,Ferrari
2024,20,Mexico City Grand Prix,Mexico City,HAM,Mercedes
2024,20,Mexico City Grand Prix,Mexico City,RUS,Mercedes
2024,20,Mexico City Grand Prix,Mexico City,VER,Red Bull Racing
2024,20,Mexico City Grand Prix,Mexico City,MAG,Haas F1 Team
2024,20,Mexico City Grand Prix,Mexico City,PIA,McLaren
2024,20,Mexico City Grand Prix,Mexico City,HUL,Haas F1 Team
2024,20,Mexico City Grand Prix,Mexico City,GAS,Alpine
2024,20,Mexico City Grand Prix,Mexico City,STR,Aston Martin
2024,20,Mexico City Grand Prix,Mexico City,COL,Williams
2024,20,Mexico City Grand Prix,Mexico City,OCO,Alpine
2024,20,Mexico City Grand Prix,Mexico City,BOT,Kick Sauber
2024,20,Mexico City Grand Prix,Mexico City,ZHO,Kick Sauber
2024,20,Mexico City Grand Prix,Mexico City,LAW,RB
2024,20,Mexico City Grand Prix,Mexico City,PER,Red Bull Racing
2024,20,Mexico City Grand Prix,Mexico City,ALO,Aston Martin
2024,20,Mexico City Grand Prix,Mexico City,ALB,Williams
2024,20,Mexico City Grand Prix,Mexico City,TSU,RB
2024,21,São Paulo Grand Prix,São Paulo,VER,Red Bull Racing
2024,21,São Paulo Grand Prix,São Paulo,OCO,Alpine
2024,21,São Paulo Grand Prix,São Paulo,GAS,Alpine
2024,21,São Paulo Grand Prix,São Paulo,RUS,Mercedes
2024,21,São Paulo Grand Prix,São Paulo,LEC,Ferrari
2024,21,São Paulo Grand Prix,São Paulo,NOR,McLaren
2024,21,São Paulo Grand Prix,São Paulo,TSU,RB
2024,21,São Paulo Grand Prix,São Paulo,PIA,McLaren
2024,21,São Paulo Grand Prix,São Paulo,LAW,RB
2024,21,São Paulo Grand Prix,São Paulo,HAM,Mercedes
2024,21,São Paulo Grand Prix,São Paulo,PER,Red Bull Racing
2024,21,São Paulo Grand Prix,São Paulo,BEA,Haas F1 Team
2024,21,São Paulo Grand Prix,São Paulo,BOT,Kick Sauber
2024,21,São Paulo Grand Prix,São Paulo,ALO,Aston Martin
2024,21,São Paulo Grand Prix,São Paulo,ZHO,Kick Sauber
2024,21,São Paulo Grand Prix,São Paulo,SAI,Ferrari
2024,21,São Paulo Grand Prix,São Paulo,COL,Williams
2024,21,São Paulo Grand Prix,São Paulo,ALB,Williams
2024,21,São Paulo Grand Prix,São Paulo,STR,Aston Martin
2024,21,São Paulo Grand Prix,São Paulo,HUL,Haas F1 Team
2024,22,Las Vegas Grand Prix,Las Vegas,RUS,Mercedes
2024,22,Las Vegas Grand Prix,Las Vegas,HAM,Mercedes
2024,22,Las Vegas Grand Prix,Las Vegas,SAI,Ferrari
2024,22,Las Vegas Grand Prix,Las Vegas,LEC,Ferrari
2024,22,Las Vegas Grand Prix,Las Vegas,VER,Red Bull Racing
2024,22,Las Vegas Grand Prix,Las Vegas,NOR,McLaren
2024,22,Las Vegas Grand Prix,Las Vegas,PIA,McLaren
2024,22,Las Vegas Grand Prix,Las Vegas,HUL,Haas F1 Team
2024,22,Las Vegas Grand Prix,Las Vegas,TSU,RB
2024,22,Las Vegas Grand Prix,Las Vegas,PER,Red Bull Racing
2024,22,Las Vegas Grand Prix,Las Vegas,ALO,Aston Martin
2024,22,Las Vegas Grand Prix,Las Vegas,MAG,Haas F1 Team
2024,22,Las Vegas Grand Prix,Las Vegas,ZHO,Kick Sauber
2024,22,Las Vegas Grand Prix,Las Vegas,COL,Williams
2024,22,Las Vegas Grand Prix,Las Vegas,STR,Aston Martin
2024,22,Las Vegas Grand Prix,Las Vegas,LAW,RB
2024,22,Las Vegas Grand Prix,Las Vegas,OCO,Alpine
2024,22,Las Vegas Grand Prix,Las Vegas,BOT,Kick Sauber
2024,22,Las Vegas Grand Prix,Las Vegas,ALB,Williams
2024,22,Las Vegas Grand Prix,Las Vegas,GAS,Alpine
2024,23,Qatar Grand Prix,Lusail,VER,Red Bull Racing
2024,23,Qatar Grand Prix,Lusail,LEC,Ferrari
2024,23,Qatar Grand Prix,Lusail,PIA,McLaren
2024,23,Qatar Grand Prix,Lusail,RUS,Mercedes
2024,23,Qatar Grand Prix,Lusail,GAS,Alpine
2024,23,Qatar Grand Prix,Lusail,SAI,Ferrari
2024,23,Qatar Grand Prix,Lusail,ALO,Aston Martin
2024,23,Qatar Grand Prix,Lusail,ZHO,Kick Sauber
2024,23,Qatar Grand Prix,Lusail,MAG,Haas F1 Team
2024,23,Qatar Grand Prix,Lusail,NOR,McLaren
2024,23,Qatar Grand Prix,Lusail,BOT,Kick Sauber
2024,23,Qatar Grand Prix,Lusail,HAM,Mercedes
2024,23,Qatar Grand Prix,Lusail,TSU,RB
2024,23,Qatar Grand Prix,Lusail,LAW,RB
2024,23,Qatar Grand Prix,Lusail,ALB,Williams
2024,23,Qatar Grand Prix,Lusail,HUL,Haas F1 Team
2024,23,Qatar Grand Prix,Lusail,PER,Red Bull Racing
2024,23,Qatar Grand Prix,Lusail,STR,Aston Martin
2024,23,Qatar Grand Prix,Lusail,COL,Williams
2024,23,Qatar Grand Prix,Lusail,OCO,Alpine
2024,24,Abu Dhabi Grand Prix,Yas Island,NOR,McLaren
2024,24,Abu Dhabi Grand Prix,Yas Island,SAI,Ferrari
2024,24,Abu Dhabi Grand Prix,Yas Island,LEC,Ferrari
2024,24,Abu Dhabi Grand Prix,Yas Island,HAM,Mercedes
2024,24,Abu Dhabi Grand Prix,Yas Island,RUS,Mercedes
2024,24,Abu Dhabi Grand Prix,Yas Island,VER,Red Bull Racing
2024,24,Abu Dhabi Grand Prix,Yas Island,GAS,Alpine
2024,24,Abu Dhabi Grand Prix,Yas Island,HUL,Haas F1 Team
2024,24,Abu Dhabi Grand Prix,Yas Island,ALO,Aston Martin
2024,24,Abu Dhabi Grand Prix,Yas Island,PIA,McLaren
2024,24,Abu Dhabi Grand Prix,Yas Island,ALB,Williams
2024,24,Abu Dhabi Grand Prix,Yas Island,TSU,RB
2024,24,Abu Dhabi Grand Prix,Yas Island,ZHO,Kick Sauber
2024,24,Abu Dhabi Grand Prix,Yas Island,STR,Aston Martin
2024,24,Abu Dhabi Grand Prix,Yas Island,DOO,Alpine
2024,24,Abu Dhabi Grand Prix,Yas Island,MAG,Haas F1 Team
2024,24,Abu Dhabi Grand Prix,Yas Island,LAW,RB
2024,24,Abu Dhabi Grand Prix,Yas Island,BOT,Kick Sauber
2024,24,Abu Dhabi Grand Prix,Yas Island,COL,Williams
2024,24,Abu Dhabi Grand Prix,Yas Island,PER,Red Bull Racing
2025,1,Australian Grand Prix,Melbourne,NOR,McLaren
2025,1,Australian Grand Prix,Melbourne,VER,Red Bull Racing
2025,1,Australian Grand Prix,Melbourne,RUS,Mercedes
2025,1,Australian Grand Prix,Melbourne,ANT,Mercedes
2025,1,Australian Grand Prix,Melbourne,ALB,Williams
2025,1,Australian Grand Prix,Melbourne,STR,Aston Martin
2025,1,Australian Grand Prix,Melbourne,HUL,Kick Sauber
2025,1,Australian Grand Prix,Melbourne,LEC,Ferrari
2025,1,Australian Grand Prix,Melbourne,PIA,McLaren
2025,1,Australian Grand Prix,Melbourne,HAM,Ferrari
2025,1,Australian Grand Prix,Melbourne,GAS,Alpine
2025,1,Australian Grand Prix,Melbourne,TSU,Racing Bulls
2025,1,Australian Grand Prix,Melbourne,OCO,Haas F1 Team
2025,1,Australian Grand Prix,Melbourne,BEA,Haas F1 Team
2025,1,Australian Grand Prix,Melbourne,LAW,Red Bull Racing
2025,1,Australian Grand Prix,Melbourne,BOR,Kick Sauber
2025,1,Australian Grand Prix,Melbourne,ALO,Aston Martin
2025,1,Australian Grand Prix,Melbourne,SAI,Williams
2025,1,Australian Grand Prix,Melbourne,DOO,Alpine
2025,1,Australian Grand Prix,Melbourne,HAD,Racing Bulls
2025,2,Chinese Grand Prix,Shanghai,PIA,McLaren
2025,2,Chinese Grand Prix,Shanghai,NOR,McLaren
2025,2,Chinese Grand Prix,Shanghai,RUS,Mercedes
2025,2,Chinese Grand Prix,Shanghai,VER,Red Bull Racing
2025,2,Chinese Grand Prix,Shanghai,OCO,Haas F1 Team
2025,2,Chinese Grand Prix,Shanghai,ANT,Mercedes
2025,2,Chinese Grand Prix,Shanghai,ALB,Williams
2025,2,Chinese Grand Prix,Shanghai,BEA,Haas F1 Team
2025,2,Chinese Grand Prix,Shanghai,STR,Aston Martin
2025,2,Chinese Grand Prix,Shanghai,SAI,Williams
2025,2,Chinese Grand Prix,Shanghai,HAD,Racing Bulls
2025,2,Chinese Grand Prix,Shanghai,LAW,Red Bull Racing
2025,2,Chinese Grand Prix,Shanghai,DOO,Alpine
2025,2,Chinese Grand Prix,Shanghai,BOR,Kick Sauber
2025,2,Chinese Grand Prix,Shanghai,HUL,Kick Sauber
2025,2,Chinese Grand Prix,Shanghai,TSU,Racing Bulls
2025,2,Chinese Grand Prix,Shanghai,ALO,Aston Martin
2025,2,Chinese Grand Prix,Shanghai,LEC,Ferrari
2025,2,Chinese Grand Prix,Shanghai,HAM,Ferrari
2025,2,Chinese Grand Prix,Shanghai,GAS,Alpine
2025,3,Japanese Grand Prix,Suzuka,VER,Red Bull Racing
2025,3,Japanese Grand Prix,Suzuka,NOR,McLaren
2025,3,Japanese Grand Prix,Suzuka,PIA,McLaren
2025,3,Japanese Grand Prix,Suzuka,LEC,Ferrari
2025,3,Japanese Grand Prix,Suzuka,RUS,Mercedes
2025,3,Japanese Grand Prix,Suzuka,ANT,Mercedes
2025,3,Japanese Grand Prix,Suzuka,HAM,Ferrari
2025,3,Japanese Grand Prix,Suzuka,HAD,Racing Bulls
2025,3,Japanese Grand Prix,Suzuka,ALB,Williams
2025,3,Japanese Grand Prix,Suzuka,BEA,Haas F1 Team
2025,3,Japanese Grand Prix,Suzuka,ALO,Aston Martin
2025,3,Japanese Grand Prix,Suzuka,TSU,Red Bull Racing
2025,3,Japanese Grand Prix,Suzuka,GAS,Alpine
2025,3,Japanese Grand Prix,Suzuka,SAI,Williams
2025,3,Japanese Grand Prix,Suzuka,DOO,Alpine
2025,3,Japanese Grand Prix,Suzuka,HUL,Kick Sauber
2025,3,Japanese Grand Prix,Suzuka,LAW,Racing Bulls
2025,3,Japanese Grand Prix,Suzuka,OCO,Haas F1 Team
2025,3,Japanese Grand Prix,Suzuka,BOR,Kick Sauber
2025,3,Japanese Grand Prix,Suzuka,STR,Aston Martin
2025,4,Bahrain Grand Prix,Sakhir,PIA,McLaren
2025,4,Bahrain Grand Prix,Sakhir,RUS,Mercedes
2025,4,Bahrain Grand Prix,Sakhir,NOR,McLaren
2025,4,Bahrain Grand Prix,Sakhir,LEC,Ferrari
2025,4,Bahrain Grand Prix,Sakhir,HAM,Ferrari
2025,4,Bahrain Grand Prix,Sakhir,VER,Red Bull Racing
2025,4,Bahrain Grand Prix,Sakhir,GAS,Alpine
2025,4,Bahrain Grand Prix,Sakhir,OCO,Haas F1 Team
2025,4,Bahrain Grand Prix,Sakhir,TSU,Red Bull Racing
2025,4,Bahrain Grand Prix,Sakhir,BEA,Haas F1 Team
2025,4,Bahrain Grand Prix,Sakhir,ANT,Mercedes
2025,4,Bahrain Grand Prix,Sakhir,ALB,Williams
2025,4,Bahrain Grand Prix,Sakhir,HAD,Racing Bulls
2025,4,Bahrain Grand Prix,Sakhir,DOO,Alpine
2025,4,Bahrain Grand Prix,Sakhir,ALO,Aston Martin
2025,4,Bahrain Grand Prix,Sakhir,LAW,Racing Bulls
2025,4,Bahrain Grand Prix,Sakhir,STR,Aston Martin
2025,4,Bahrain Grand Prix,Sakhir,BOR,Kick Sauber
2025,4,Bahrain Grand Prix,Sakhir,SAI,Williams
2025,4,Bahrain Grand Prix,Sakhir,HUL,Kick Sauber
2025,5,Saudi Arabian Grand Prix,Jeddah,PIA,McLaren
2025,5,Saudi Arabian Grand Prix,Jeddah,VER,Red Bull Racing
2025,5,Saudi Arabian Grand Prix,Jeddah,LEC,Ferrari
2025,5,Saudi Arabian Grand Prix,Jeddah,NOR,McLaren
2025,5,Saudi Arabian Grand Prix,Jeddah,RUS,Mercedes
2025,5,Saudi Arabian Grand Prix,Jeddah,ANT,Mercedes
2025,5,Saudi Arabian Grand Prix,Jeddah,HAM,Ferrari
2025,5,Saudi Arabian Grand Prix,Jeddah,SAI,Williams
2025,5,Saudi Arabian Grand Prix,Jeddah,ALB,Williams
2025,5,Saudi Arabian Grand Prix,Jeddah,HAD,Racing Bulls
2025,5,Saudi Arabian Grand Prix,Jeddah,ALO,Aston Martin
2025,5,Saudi Arabian Grand Prix,Jeddah,LAW,Racing Bulls
2025,5,Saudi Arabian Grand Prix,Jeddah,BEA,Haas F1 Team
2025,5,Saudi Arabian Grand Prix,Jeddah,OCO,Haas F1 Team
2025,5,Saudi Arabian Grand Prix,Jeddah,HUL,Kick Sauber
2025,5,Saudi Arabian Grand Prix,Jeddah,STR,Aston Martin
2025,5,Saudi Arabian Grand Prix,Jeddah,DOO,Alpine
2025,5,Saudi Arabian Grand Prix,Jeddah,BOR,Kick Sauber
2025,5,Saudi Arabian Grand Prix,Jeddah,TSU,Red Bull Racing
2025,5,Saudi Arabian Grand Prix,Jeddah,GAS,Alpine
2025,6,Miami Grand Prix,Miami Gardens,PIA,McLaren
2025,6,Miami Grand Prix,Miami Gardens,NOR,McLaren
2025,6,Miami Grand Prix,Miami Gardens,RUS,Mercedes
2025,6,Miami Grand Prix,Miami Gardens,VER,Red Bull Racing
2025,6,Miami Grand Prix,Miami Gardens,ALB,Williams
2025,6,Miami Grand Prix,Miami Gardens,ANT,Mercedes
2025,6,Miami Grand Prix,Miami Gardens,LEC,Ferrari
2025,6,Miami Grand Prix,Miami Gardens,HAM,Ferrari
2025,6,Miami Grand Prix,Miami Gardens,SAI,Williams
2025,6,Miami Grand Prix,Miami Gardens,TSU,Red Bull Racing
2025,6,Miami Grand Prix,Miami Gardens,HAD,Racing Bulls
2025,6,Miami Grand Prix,Miami Gardens,OCO,Haas F1 Team
2025,6,Miami Grand Prix,Miami Gardens,GAS,Alpine
2025,6,Miami Grand Prix,Miami Gardens,HUL,Kick Sauber
2025,6,Miami Grand Prix,Miami Gardens,ALO,Aston Martin
2025,6,Miami Grand Prix,Miami Gardens,STR,Aston Martin
2025,6,Miami Grand Prix,Miami Gardens,LAW,Racing Bulls
2025,6,Miami Grand Prix,Miami Gardens,BOR,Kick Sauber
2025,6,Miami Grand Prix,Miami Gardens,BEA,Haas F1 Team
2025,6,Miami Grand Prix,Miami Gardens,DOO,Alpine
2025,7,Emilia Romagna Grand Prix,Imola,VER,Red Bull Racing
2025,7,Emilia Romagna Grand Prix,Imola,NOR,McLaren
2025,7,Emilia Romagna Grand Prix,Imola,PIA,McLaren
2025,7,Emilia Romagna Grand Prix,Imola,HAM,Ferrari
2025,7,Emilia Romagna Grand Prix,Imola,ALB,Williams
2025,7,Emilia Romagna Grand Prix,Imola,LEC,Ferrari
2025,7,Emilia Romagna Grand Prix,Imola,RUS,Mercedes
2025,7,Emilia Romagna Grand Prix,Imola,SAI,Williams
2025,7,Emilia Romagna Grand Prix,Imola,HAD,Racing Bulls
2025,7,Emilia Romagna Grand Prix,Imola,TSU,Red Bull Racing
2025,7,Emilia Romagna Grand Prix,Imola,ALO,Aston Martin
2025,7,Emilia Romagna Grand Prix,Imola,HUL,Kick Sauber
2025,7,Emilia Romagna Grand Prix,Imola,GAS,Alpine
2025,7,Emilia Romagna Grand Prix,Imola,LAW,Racing Bulls
2025,7,Emilia Romagna Grand Prix,Imola,STR,Aston Martin
2025,7,Emilia Romagna Grand Prix,Imola,COL,Alpine
2025,7,Emilia Romagna Grand Prix,Imola,BEA,Haas F1 Team
2025,7,Emilia Romagna Grand Prix,Imola,BOR,Kick Sauber
2025,7,Emilia Romagna Grand Prix,Imola,ANT,Mercedes
2025,7,Emilia Romagna Grand Prix,Imola,OCO,Haas F1 Team
2025,8,Monaco Grand Prix,Monaco,NOR,McLaren
2025,8,Monaco Grand Prix,Monaco,LEC,Ferrari
2025,8,Monaco Grand Prix,Monaco,PIA,McLaren
2025,8,Monaco Grand Prix,Monaco,VER,Red Bull Racing
2025,8,Monaco Grand Prix,Monaco,HAM,Ferrari
2025,8,Monaco Grand Prix,Monaco,HAD,Racing Bulls
2025,8,Monaco Grand Prix,Monaco,OCO,Haas F1 Team
2025,8,Monaco Grand Prix,Monaco,LAW,Racing Bulls
2025,8,Monaco Grand Prix,Monaco,ALB,Williams
2025,8,Monaco Grand Prix,Monaco,SAI,Williams
2025,8,Monaco Grand Prix,Monaco,RUS,Mercedes
2025,8,Monaco Grand Prix,Monaco,BEA,Haas F1 Team
2025,8,Monaco Grand Prix,Monaco,COL,Alpine
2025,8,Monaco Grand Prix,Monaco,BOR,Kick Sauber
2025,8,Monaco Grand Prix,Monaco,STR,Aston Martin
2025,8,Monaco Grand Prix,Monaco,HUL,Kick Sauber
2025,8,Monaco Grand Prix,Monaco,TSU,Red Bull Racing
2025,8,Monaco Grand Prix,Monaco,ANT,Mercedes
2025,8,Monaco Grand Prix,Monaco,ALO,Aston Martin
2025,8,Monaco Grand Prix,Monaco,GAS,Alpine
2025,9,Spanish Grand Prix,Barcelona,PIA,McLaren
2025,9,Spanish Grand Prix,Barcelona,NOR,McLaren
2025,9,Spanish Grand Prix,Barcelona,LEC,Ferrari
2025,9,Spanish Grand Prix,Barcelona,RUS,Mercedes
2025,9,Spanish Grand Prix,Barcelona,HUL,Kick Sauber
2025,9,Spanish Grand Prix,Barcelona,HAM,Ferrari
2025,9,Spanish Grand Prix,Barcelona,HAD,Racing Bulls
2025,9,Spanish Grand Prix,Barcelona,GAS,Alpine
2025,9,Spanish Grand Prix,Barcelona,ALO,Aston Martin
2025,9,Spanish Grand Prix,Barcelona,VER,Red Bull Racing
2025,9,Spanish Grand Prix,Barcelona,LAW,Racing Bulls
2025,9,Spanish Grand Prix,Barcelona,BOR,Kick Sauber
2025,9,Spanish Grand Prix,Barcelona,TSU,Red Bull Racing
2025,9,Spanish Grand Prix,Barcelona,SAI,Williams
2025,9,Spanish Grand Prix,Barcelona,COL,Alpine
2025,9,Spanish Grand Prix,Barcelona,OCO,Haas F1 Team
2025,9,Spanish Grand Prix,Barcelona,BEA,Haas F1 Team
2025,9,Spanish Grand Prix,Barcelona,ANT,Mercedes
2025,9,Spanish Grand Prix,Barcelona,ALB,Williams
2025,10,Canadian Grand Prix,Montréal,RUS,Mercedes
2025,10,Canadian Grand Prix,Montréal,VER,Red Bull Racing
2025,10,Canadian Grand Prix,Montréal,ANT,Mercedes
2025,10,Canadian Grand Prix,Montréal,PIA,McLaren
2025,10,Canadian Grand Prix,Montréal,LEC,Ferrari
2025,10,Canadian Grand Prix,Montréal,HAM,Ferrari
2025,10,Canadian Grand Prix,Montréal,ALO,Aston Martin
2025,10,Canadian Grand Prix,Montréal,HUL,Kick Sauber
2025,10,Canadian Grand Prix,Montréal,OCO,Haas F1 Team
2025,10,Canadian Grand Prix,Montréal,SAI,Williams
2025,10,Canadian Grand Prix,Montréal,BEA,Haas F1 Team
2025,10,Canadian Grand Prix,Montréal,TSU,Red Bull Racing
2025,10,Canadian Grand Prix,Montréal,COL,Alpine
2025,10,Canadian Grand Prix,Montréal,BOR,Kick Sauber
2025,10,Canadian Grand Prix,Montréal,GAS,Alpine
2025,10,Canadian Grand Prix,Montréal,HAD,Racing Bulls
2025,10,Canadian Grand Prix,Montréal,STR,Aston Martin
2025,10,Canadian Grand Prix,Montréal,NOR,McLaren
2025,10,Canadian Grand Prix,Montréal,LAW,Racing Bulls
2025,10,Canadian Grand Prix,Montréal,ALB,Williams
2025,11,Austrian Grand Prix,Spielberg,NOR,McLaren
2025,11,Austrian Grand Prix,Spielberg,PIA,McLaren
2025,11,Austrian Grand Prix,Spielberg,LEC,Ferrari
2025,11,Austrian Grand Prix,Spielberg,HAM,Ferrari
2025,11,Austrian Grand Prix,Spielberg,RUS,Mercedes
2025,11,Austrian Grand Prix,Spielberg,LAW,Racing Bulls
2025,11,Austrian Grand Prix,Spielberg,ALO,Aston Martin
2025,11,Austrian Grand Prix,Spielberg,BOR,Kick Sauber
2025,11,Austrian Grand Prix,Spielberg,HUL,Kick Sauber
2025,11,Austrian Grand Prix,Spielberg,OCO,Haas F1 Team
2025,11,Austrian Grand Prix,Spielberg,BEA,Haas F1 Team
2025,11,Austrian Grand Prix,Spielberg,HAD,Racing Bulls
2025,11,Austrian Grand Prix,Spielberg,GAS,Alpine
2025,11,Austrian Grand Prix,Spielberg,STR,Aston Martin
2025,11,Austrian Grand Prix,Spielberg,COL,Alpine
2025,11,Austrian Grand Prix,Spielberg,TSU,Red Bull Racing
2025,11,Austrian Grand Prix,Spielberg,ALB,Williams
2025,11,Austrian Grand Prix,Spielberg,VER,Red Bull Racing
2025,11,Austrian Grand Prix,Spielberg,ANT,Mercedes
2025,11,Austrian Grand Prix,Spielberg,SAI,Williams
2025,12,British Grand Prix,Silverstone,NOR,McLaren
2025,12,British Grand Prix,Silverstone,PIA,McLaren
2025,12,British Grand Prix,Silverstone,HUL,Kick Sauber
2025,12,British Grand Prix,Silverstone,HAM,Ferrari
2025,12,British Grand Prix,Silverstone,VER,Red Bull Racing
2025,12,British Grand Prix,Silverstone,GAS,Alpine
2025,12,British Grand Prix,Silverstone,STR,Aston Martin
2025,12,British Grand Prix,Silverstone,ALB,Williams
2025,12,British Grand Prix,Silverstone,ALO,Aston Martin
2025,12,British Grand Prix,Silverstone,RUS,Mercedes
2025,12,British Grand Prix,Silverstone,BEA,Haas F1 Team
2025,12,British Grand Prix,Silverstone,SAI,Williams
2025,12,British Grand Prix,Silverstone,OCO,Haas F1 Team
2025,12,British Grand Prix,Silverstone,LEC,Ferrari
2025,12,British Grand Prix,Silverstone,TSU,Red Bull Racing
2025,12,British Grand Prix,Silverstone,ANT,Mercedes
2025,12,British Grand Prix,Silverstone,HAD,Racing Bulls
2025,12,British Grand Prix,Silverstone,BOR,Kick Sauber
2025,12,British Grand Prix,Silverstone,LAW,Racing Bulls
2025,12,British Grand Prix,Silverstone,COL,Alpine
2025,13,Belgian Grand Prix,Spa-Francorchamps,PIA,McLaren
2025,13,Belgian Grand Prix,Spa-Francorchamps,NOR,McLaren
2025,13,Belgian Grand Prix,Spa-Francorchamps,LEC,Ferrari
2025,13,Belgian Grand Prix,Spa-Francorchamps,VER,Red Bull Racing
2025,13,Belgian Grand Prix,Spa-Francorchamps,RUS,Mercedes
2025,13,Belgian Grand Prix,Spa-Francorchamps,ALB,Williams
2025,13,Belgian Grand Prix,Spa-Francorchamps,HAM,Ferrari
2025,13,Belgian Grand Prix,Spa-Francorchamps,LAW,Racing Bulls
2025,13,Belgian Grand Prix,Spa-Francorchamps,BOR,Kick Sauber
2025,13,Belgian Grand Prix,Spa-Francorchamps,GAS,Alpine
2025,13,Belgian Grand Prix,Spa-Francorchamps,BEA,Haas F1 Team
2025,13,Belgian Grand Prix,Spa-Francorchamps,HUL,Kick Sauber
2025,13,Belgian Grand Prix,Spa-Francorchamps,TSU,Red Bull Racing
2025,13,Belgian Grand Prix,Spa-Francorchamps,STR,Aston Martin
2025,13,Belgian Grand Prix,Spa-Francorchamps,OCO,Haas F1 Team
2025,13,Belgian Grand Prix,Spa-Francorchamps,ANT,Mercedes
2025,13,Belgian Grand Prix,Spa-Francorchamps,ALO,Aston Martin
2025,13,Belgian Grand Prix,Spa-Francorchamps,SAI,Williams
2025,13,Belgian Grand Prix,Spa-Francorchamps,COL,Alpine
2025,13,Belgian Grand Prix,Spa-Francorchamps,HAD,Racing Bulls
2025,14,Hungarian Grand Prix,Budapest,NOR,McLaren
2025,14,Hungarian Grand Prix,Budapest,PIA,McLaren
2025,14,Hungarian Grand Prix,Budapest,RUS,Mercedes
2025,14,Hungarian Grand Prix,Budapest,LEC,Ferrari
2025,14,Hungarian Grand Prix,Budapest,ALO,Aston Martin
2025,14,Hungarian Grand Prix,Budapest,BOR,Kick Sauber
2025,14,Hungarian Grand Prix,Budapest,STR,Aston Martin
2025,14,Hungarian Grand Prix,Budapest,LAW,Racing Bulls
2025,14,Hungarian Grand Prix,Budapest,VER,Red Bull Racing
2025,14,Hungarian Grand Prix,Budapest,ANT,Mercedes
2025,14,Hungarian Grand Prix,Budapest,HAD,Racing Bulls
2025,14,Hungarian Grand Prix,Budapest,HAM,Ferrari
2025,14,Hungarian Grand Prix,Budapest,HUL,Kick Sauber
2025,14,Hungarian Grand Prix,Budapest,SAI,Williams
2025,14,Hungarian Grand Prix,Budapest,ALB,Williams
2025,14,Hungarian Grand Prix,Budapest,OCO,Haas F1 Team
2025,14,Hungarian Grand Prix,Budapest,TSU,Red Bull Racing
2025,14,Hungarian Grand Prix,Budapest,COL,Alpine
2025,14,Hungarian Grand Prix,Budapest,GAS,Alpine
2025,14,Hungarian Grand Prix,Budapest,BEA,Haas F1 Team
2025,15,Dutch Grand Prix,Zandvoort,PIA,McLaren
2025,15,Dutch Grand Prix,Zandvoort,VER,Red Bull Racing
2025,15,Dutch Grand Prix,Zandvoort,HAD,Racing Bulls
2025,15,Dutch Grand Prix,Zandvoort,RUS,Mercedes
2025,15,Dutch Grand Prix,Zandvoort,ALB,Williams
2025,15,Dutch Grand Prix,Zandvoort,BEA,Haas F1 Team
2025,15,Dutch Grand Prix,Zandvoort,STR,Aston Martin
2025,15,Dutch Grand Prix,Zandvoort,ALO,Aston Martin
2025,15,Dutch Grand Prix,Zandvoort,TSU,Red Bull Racing
2025,15,Dutch Grand Prix,Zandvoort,OCO,Haas F1 Team
2025,15,Dutch Grand Prix,Zandvoort,COL,Alpine
2025,15,Dutch Grand Prix,Zandvoort,LAW,Racing Bulls
2025,15,Dutch Grand Prix,Zandvoort,SAI,Williams
2025,15,Dutch Grand Prix,Zandvoort,HUL,Kick Sauber
2025,15,Dutch Grand Prix,Zandvoort,BOR,Kick Sauber
2025,15,Dutch Grand Prix,Zandvoort,ANT,Mercedes
2025,15,Dutch Grand Prix,Zandvoort,GAS,Alpine
2025,15,Dutch Grand Prix,Zandvoort,NOR,McLaren
2025,15,Dutch Grand Prix,Zandvoort,LEC,Ferrari
2025,15,Dutch Grand Prix,Zandvoort,HAM,Ferrari
2025,16,Italian Grand Prix,Monza,VER,Red Bull Racing
2025,16,Italian Grand Prix,Monza,NOR,McLaren
2025,16,Italian Grand Prix,Monza,PIA,McLaren
2025,16,Italian Grand Prix,Monza,LEC,Ferrari
2025,16,Italian Grand Prix,Monza,RUS,Mercedes
2025,16,Italian Grand Prix,Monza,HAM,Ferrari
2025,16,Italian Grand Prix,Monza,ALB,Williams
2025,16,Italian Grand Prix,Monza,BOR,Kick Sauber
2025,16,Italian Grand Prix,Monza,ANT,Mercedes
2025,16,Italian Grand Prix,Monza,HAD,Racing Bulls
2025,16,Italian Grand Prix,Monza,SAI,Williams
2025,16,Italian Grand Prix,Monza,BEA,Haas F1 Team
2025,16,Italian Grand Prix,Monza,TSU,Red Bull Racing
2025,16,Italian Grand Prix,Monza,LAW,Racing Bulls
2025,16,Italian Grand Prix,Monza,OCO,Haas F1 Team
2025,16,Italian Grand Prix,Monza,GAS,Alpine
2025,16,Italian Grand Prix,Monza,COL,Alpine
2025,16,Italian Grand Prix,Monza,STR,Aston Martin
2025,16,Italian Grand Prix,Monza,ALO,Aston Martin
2025,16,Italian Grand Prix,Monza,HUL,Kick Sauber
2025,17,Azerbaijan Grand Prix,Baku,VER,Red Bull Racing
2025,17,Azerbaijan Grand Prix,Baku,RUS,Mercedes
2025,17,Azerbaijan Grand Prix,Baku,SAI,Williams
2025,17,Azerbaijan Grand Prix,Baku,ANT,Mercedes
2025,17,Azerbaijan Grand Prix,Baku,LAW,Racing Bulls
2025,17,Azerbaijan Grand Prix,Baku,TSU,Red Bull Racing
2025,17,Azerbaijan Grand Prix,Baku,NOR,McLaren
2025,17,Azerbaijan Grand Prix,Baku,HAM,Ferrari
2025,17,Azerbaijan Grand Prix,Baku,LEC,Ferrari
2025,17,Azerbaijan Grand Prix,Baku,HAD,Racing Bulls
2025,17,Azerbaijan Grand Prix,Baku,BOR,Kick Sauber
2025,17,Azerbaijan Grand Prix,Baku,BEA,Haas F1 Team
2025,17,Azerbaijan Grand Prix,Baku,ALB,Williams
2025,17,Azerbaijan Grand Prix,Baku,OCO,Haas F1 Team
2025,17,Azerbaijan Grand Prix,Baku,ALO,Aston Martin
2025,17,Azerbaijan Grand Prix,Baku,HUL,Kick Sauber
2025,17,Azerbaijan Grand Prix,Baku,STR,Aston Martin
2025,17,Azerbaijan Grand Prix,Baku,GAS,Alpine
2025,17,Azerbaijan Grand Prix,Baku,COL,Alpine
2025,17,Azerbaijan Grand Prix,Baku,PIA,McLaren
2025,18,Singapore Grand Prix,Marina Bay,RUS,Mercedes
2025,18,Singapore Grand Prix,Marina Bay,VER,Red Bull Racing
2025,18,Singapore Grand Prix,Marina Bay,NOR,McLaren
2025,18,Singapore Grand Prix,Marina Bay,PIA,McLaren
2025,18,Singapore Grand Prix,Marina Bay,ANT,Mercedes
2025,18,Singapore Grand Prix,Marina Bay,LEC,Ferrari
2025,18,Singapore Grand Prix,Marina Bay,ALO,Aston Martin
2025,18,Singapore Grand Prix,Marina Bay,HAM,Ferrari
2025,18,Singapore Grand Prix,Marina Bay,BEA,Haas F1 Team
2025,18,Singapore Grand Prix,Marina Bay,SAI,Williams
2025,18,Singapore Grand Prix,Marina Bay,HAD,Racing Bulls
2025,18,Singapore Grand Prix,Marina Bay,TSU,Red Bull Racing
2025,18,Singapore Grand Prix,Marina Bay,STR,Aston Martin
2025,18,Singapore Grand Prix,Marina Bay,ALB,Williams
2025,18,Singapore Grand Prix,Marina Bay,LAW,Racing Bulls
2025,18,Singapore Grand Prix,Marina Bay,COL,Alpine
2025,18,Singapore Grand Prix,Marina Bay,BOR,Kick Sauber
2025,18,Singapore Grand Prix,Marina Bay,OCO,Haas F1 Team
2025,18,Singapore Grand Prix,Marina Bay,GAS,Alpine
2025,18,Singapore Grand Prix,Marina Bay,HUL,Kick Sauber
2025,19,United States Grand Prix,Austin,VER,Red Bull Racing
2025,19,United States Grand Prix,Austin,NOR,McLaren
2025,19,United States Grand Prix,Austin,LEC,Ferrari
2025,19,United States Grand Prix,Austin,HAM,Ferrari
2025,19,United States Grand Prix,Austin,PIA,McLaren
2025,19,United States Grand Prix,Austin,RUS,Mercedes
2025,19,United States Grand Prix,Austin,TSU,Red Bull Racing
2025,19,United States Grand Prix,Austin,HUL,Kick Sauber
2025,19,United States Grand Prix,Austin,BEA,Haas F1 Team
2025,19,United States Grand Prix,Austin,ALO,Aston Martin
2025,19,United States Grand Prix,Austin,LAW,Racing Bulls
2025,19,United States Grand Prix,Austin,STR,Aston Martin
2025,19,United States Grand Prix,Austin,ANT,Mercedes
2025,19,United States Grand Prix,Austin,ALB,Williams
2025,19,United States Grand Prix,Austin,OCO,Haas F1 Team
2025,19,United States Grand Prix,Austin,HAD,Racing Bulls
2025,19,United States Grand Prix,Austin,COL,Alpine
2025,19,United States Grand Prix,Austin,BOR,Kick Sauber
2025,19,United States Grand Prix,Austin,GAS,Alpine
2025,19,United States Grand Prix,Austin,SAI,Williams
2025,20,Mexico City Grand Prix,Mexico City,NOR,McLaren
2025,20,Mexico City Grand Prix,Mexico City,LEC,Ferrari
2025,20,Mexico City Grand Prix,Mexico City,VER,Red Bull Racing
2025,20,Mexico City Grand Prix,Mexico City,BEA,Haas F1 Team
2025,20,Mexico City Grand Prix,Mexico City,PIA,McLaren
2025,20,Mexico City Grand Prix,Mexico City,ANT,Mercedes
2025,20,Mexico City Grand Prix,Mexico City,RUS,Mercedes
2025,20,Mexico City Grand Prix,Mexico City,HAM,Ferrari
2025,20,Mexico City Grand Prix,Mexico City,OCO,Haas F1 Team
2025,20,Mexico City Grand Prix,Mexico City,BOR,Kick Sauber
2025,20,Mexico City Grand Prix,Mexico City,TSU,Red Bull Racing
2025,20,Mexico City Grand Prix,Mexico City,ALB,Williams
2025,20,Mexico City Grand Prix,Mexico City,HAD,Racing Bulls
2025,20,Mexico City Grand Prix,Mexico City,STR,Aston Martin
2025,20,Mexico City Grand Prix,Mexico City,GAS,Alpine
2025,20,Mexico City Grand Prix,Mexico City,COL,Alpine
2025,20,Mexico City Grand Prix,Mexico City,SAI,Williams
2025,20,Mexico City Grand Prix,Mexico City,ALO,Aston Martin
2025,20,Mexico City Grand Prix,Mexico City,HUL,Kick Sauber
2025,20,Mexico City Grand Prix,Mexico City,LAW,Racing Bulls
2025,21,São Paulo Grand Prix,São Paulo,NOR,McLaren
2025,21,São Paulo Grand Prix,São Paulo,ANT,Mercedes
2025,21,São Paulo Grand Prix,São Paulo,VER,Red Bull Racing
2025,21,São Paulo Grand Prix,São Paulo,RUS,Mercedes
2025,21,São Paulo Grand Prix,São Paulo,PIA,McLaren
2025,21,São Paulo Grand Prix,São Paulo,BEA,Haas F1 Team
2025,21,São Paulo Grand Prix,São Paulo,LAW,Racing Bulls
2025,21,São Paulo Grand Prix,São Paulo,HAD,Racing Bulls
2025,21,São Paulo Grand Prix,São Paulo,HUL,Kick Sauber
2025,21,São Paulo Grand Prix,São Paulo,GAS,Alpine
2025,21,São Paulo Grand Prix,São Paulo,ALB,Williams
2025,21,São Paulo Grand Prix,São Paulo,OCO,Haas F1 Team
2025,21,São Paulo Grand Prix,São Paulo,SAI,Williams
2025,21,São Paulo Grand Prix,São Paulo,ALO,Aston Martin
2025,21,São Paulo Grand Prix,São Paulo,COL,Alpine
2025,21,São Paulo Grand Prix,São Paulo,STR,Aston Martin
2025,21,São Paulo Grand Prix,São Paulo,TSU,Red Bull Racing
2025,21,São Paulo Grand Prix,São Paulo,HAM,Ferrari
2025,21,São Paulo Grand Prix,São Paulo,LEC,Ferrari
2025,21,São Paulo Grand Prix,São Paulo,BOR,Kick Sauber
2025,22,Las Vegas Grand Prix,Las Vegas,VER,Red Bull Racing
2025,22,Las Vegas Grand Prix,Las Vegas,RUS,Mercedes
2025,22,Las Vegas Grand Prix,Las Vegas,ANT,Mercedes
2025,22,Las Vegas Grand Prix,Las Vegas,LEC,Ferrari
2025,22,Las Vegas Grand Prix,Las Vegas,SAI,Williams
2025,22,Las Vegas Grand Prix,Las Vegas,HAD,Racing Bulls
2025,22,Las Vegas Grand Prix,Las Vegas,HUL,Kick Sauber
2025,22,Las Vegas Grand Prix,Las Vegas,HAM,Ferrari
2025,22,Las Vegas Grand Prix,Las Vegas,OCO,Haas F1 Team
2025,22,Las Vegas Grand Prix,Las Vegas,BEA,Haas F1 Team
2025,22,Las Vegas Grand Prix,Las Vegas,ALO,Aston Martin
2025,22,Las Vegas Grand Prix,Las Vegas,TSU,Red Bull Racing
2025,22,Las Vegas Grand Prix,Las Vegas,GAS,Alpine
2025,22,Las Vegas Grand Prix,Las Vegas,LAW,Racing Bulls
2025,22,Las Vegas Grand Prix,Las Vegas,COL,Alpine
2025,22,Las Vegas Grand Prix,Las Vegas,ALB,Williams
2025,22,Las Vegas Grand Prix,Las Vegas,BOR,Kick Sauber
2025,22,Las Vegas Grand Prix,Las Vegas,STR,Aston Martin
2025,22,Las Vegas Grand Prix,Las Vegas,NOR,McLaren
2025,22,Las Vegas Grand Prix,Las Vegas,PIA,McLaren
2025,23,Qatar Grand Prix,Lusail,VER,Red Bull Racing
2025,23,Qatar Grand Prix,Lusail,PIA,McLaren
2025,23,Qatar Grand Prix,Lusail,SAI,Williams
2025,23,Qatar Grand Prix,Lusail,NOR,McLaren
2025,23,Qatar Grand Prix,Lusail,ANT,Mercedes
2025,23,Qatar Grand Prix,Lusail,RUS,Mercedes
2025,23,Qatar Grand Prix,Lusail,ALO,Aston Martin
2025,23,Qatar Grand Prix,Lusail,LEC,Ferrari
2025,23,Qatar Grand Prix,Lusail,LAW,Racing Bulls
2025,23,Qatar Grand Prix,Lusail,TSU,Red Bull Racing
2025,23,Qatar Grand Prix,Lusail,ALB,Williams
2025,23,Qatar Grand Prix,Lusail,HAM,Ferrari
2025,23,Qatar Grand Prix,Lusail,BOR,Kick Sauber
2025,23,Qatar Grand Prix,Lusail,COL,Alpine
2025,23,Qatar Grand Prix,Lusail,OCO,Haas F1 Team
2025,23,Qatar Grand Prix,Lusail,GAS,Alpine
2025,23,Qatar Grand Prix,Lusail,STR,Aston Martin
2025,23,Qatar Grand Prix,Lusail,HAD,Racing Bulls
2025,23,Qatar Grand Prix,Lusail,BEA,Haas F1 Team
2025,23,Qatar Grand Prix,Lusail,HUL,Kick Sauber
2025,24,Abu Dhabi Grand Prix,Yas Island,VER,Red Bull Racing
2025,24,Abu Dhabi Grand Prix,Yas Island,PIA,McLaren
2025,24,Abu Dhabi Grand Prix,Yas Island,NOR,McLaren
2025,24,Abu Dhabi Grand Prix,Yas Island,LEC,Ferrari
2025,24,Abu Dhabi Grand Prix,Yas Island,RUS,Mercedes
2025,24,Abu Dhabi Grand Prix,Yas Island,ALO,Aston Martin
2025,24,Abu Dhabi Grand Prix,Yas Island,OCO,Haas F1 Team
2025,24,Abu Dhabi Grand Prix,Yas Island,HAM,Ferrari
2025,24,Abu Dhabi Grand Prix,Yas Island,HUL,Kick Sauber
2025,24,Abu Dhabi Grand Prix,Yas Island,STR,Aston Martin
2025,24,Abu Dhabi Grand Prix,Yas Island,BOR,Kick Sauber
2025,24,Abu Dhabi Grand Prix,Yas Island,BEA,Haas F1 Team
2025,24,Abu Dhabi Grand Prix,Yas Island,SAI,Williams
2025,24,Abu Dhabi Grand Prix,Yas Island,TSU,Red Bull Racing
2025,24,Abu Dhabi Grand Prix,Yas Island,ANT,Mercedes
2025,24,Abu Dhabi Grand Prix,Yas Island,ALB,Williams
2025,24,Abu Dhabi Grand Prix,Yas Island,HAD,Racing Bulls
2025,24,Abu Dhabi Grand Prix,Yas Island,LAW,Racing Bulls
2025,24,Abu Dhabi Grand Prix,Yas Island,GAS,Alpine
2025,24,Abu Dhabi Grand Prix,Yas Island,COL,Alpine
